{"0": {"Name": "Nastya", "Rost": 162.1872711504886, "Ves": 70.83551290036665}, "1": {"Name": "Altana", "Rost": 162.1350716451647, "Ves": 67.03565236802933}, "2": {"Name": "Polina", "Rost": 162.10370270890687, "Ves": 67.69135547434533}, "3": {"Name": "Saveliy", "Rost": 173.7509242288799, "Ves": 76.2492976975179}, "4": {"Name": "Vadim", "Rost": 175.35671987155112, "Ves": 73.74764987358824}, "5": {"Name": "Iskander", "Rost": 175.408101087509, "Ves": 74.06097172518544}, "6": {"Name": "Nadya", "Rost": 161.74787170974906, "Ves": 68.5815914682581}, "7": {"Name": "Sasha", "Rost": 163.27915941751897, "Ves": 69.9854075311343}, "8": {"Name": "Stepa", "Rost": 175.38294853972934, "Ves": 73.59162826977625}, "9": {"Name": "Polina", "Rost": 160.8186107631685, "Ves": 71.11854661909831}, "10": {"Name": "Amalia", "Rost": 161.8474551851788, "Ves": 70.03680730997276}, "11": {"Name": "Ignat", "Rost": 174.6661216895238, "Ves": 72.99772362356337}, "12": {"Name": "Yulya", "Rost": 163.108909747498, "Ves": 70.02507502120594}, "13": {"Name": "Sasha", "Rost": 162.16606696615924, "Ves": 69.72803173836193}, "14": {"Name": "Rita", "Rost": 162.88459631682545, "Ves": 69.43696848455886}, "15": {"Name": "Andrey", "Rost": 174.20089230302514, "Ves": 71.93760712648701}, "16": {"Name": "Sonya", "Rost": 162.20735783542818, "Ves": 66.23437448422487}, "17": {"Name": "Sonya", "Rost": 161.70795782000266, "Ves": 68.25378293606259}, "18": {"Name": "Matvey", "Rost": 175.0589582725622, "Ves": 73.86435761027577}, "19": {"Name": "Zhenya", "Rost": 175.29525913891013, "Ves": 77.00367073297464}, "20": {"Name": "Egor", "Rost": 175.26925627566567, "Ves": 74.04908456047936}, "21": {"Name": "Oleg", "Rost": 175.23705400769822, "Ves": 76.89928266851688}}